<?xml version="1.0" encoding="utf-8"?>
<!DOCTYPE hibernate-configuration SYSTEM 
"http://www.hibernate.org/dtd/hibernate-configuration-3.0.dtd">

<hibernate-configuration>
   <session-factory>
   <property name="hibernate.dialect">
      org.hibernate.dialect.MySQLDialect
   </property>
   <property name="hibernate.connection.driver_class">
      com.mysql.jdbc.Driver
   </property>

   <!-- Assume wsdata is the database name -->
   <property name="hibernate.connection.url">
   jdbc:mysql://localhost:3306/shop
   </property>
   <property name="hibernate.current_session_context_class">thread</property>
   <property name="hibernate.connection.username">
      root
   </property>
   <property name="hibernate.connection.password">
      3UwBpzQk
   </property>
   
    <property name="hibernate.id.new_generator_mappings">false</property>  
	<property name="hibernate.show_sql">true</property>

   <mapping class="com.senla.model.Autopart"/>
   <mapping class="com.senla.model.Brand"/>
   <mapping class="com.senla.model.Car"/>
   <mapping class="com.senla.model.Order"/>
   <mapping class="com.senla.model.ShopAddress"/>
   <mapping class="com.senla.model.ShopPhone"/>
   <mapping class="com.senla.model.User"/>
   <mapping class="com.senla.model.UserAddress"/>
   <mapping class="com.senla.model.UserCreds"/>
   
</session-factory>
</hibernate-configuration>